category	ko	tl	en	pronunciationTl
greeting	안녕하세요.	Kumusta po?	Hello. How are you?	꾸무스따 뽀?
greeting	좋은 아침입니다.	Magandang umaga po.	Good morning.	마간당 우마가 뽀.
greeting	좋은 오후입니다.	Magandang hapon po.	Good afternoon.	마간당 하뽄 뽀.
greeting	좋은 저녁입니다.	Magandang gabi po.	Good evening.	마간당 가비 뽀.
greeting	저희는 한국에서 왔습니다.	Galing po kami sa Korea.	We are from Korea.	갈링 뽀 까미 싸 꼬레아.
greeting	만나서 반갑습니다.	Ikinagagalak ko po kayong makilala.	It is nice to meet you.	이끼나가갈락 꼬 뽀 까용 마낄랄라.
greeting	성함이 어떻게 되세요?	Ano po ang pangalan ninyo?	What is your name?	아노 뽀 앙 빵알란 닌요?
greeting	감사합니다.	Salamat po.	Thank you.	살라맛 뽀.
greeting	천천히 말씀해 주세요.	Pakisabi po nang dahan-dahan.	Please say it slowly.	빠끼사비 뽀 낭 다한 다한.
greeting	다시 말씀해 주시겠어요?	Maaari po bang pakiulit?	Could you please repeat that?	마아아리 뽀 방 빠끼울릿?
children	여기로 오세요.	Halika rito.	Come here, please.	할리까 리또.
children	줄을 서 주세요.	Pumila tayo.	Let us line up.	뿌밀라 따요.
children	앉아 주세요.	Maupo kayo.	Please sit down.	마우뽀 까요.
children	일어나 주세요.	Tumayo kayo.	Please stand up.	뚜마요 까요.
children	잘 들어 주세요.	Makinig nang mabuti.	Please listen carefully.	마끼니그 낭 마부띠.
children	여기를 보세요.	Tumingin dito.	Look here.	뚜밍인 디또.
children	저를 따라 해 보세요.	Gayahin ninyo ako.	Please follow what I do.	가야힌 닌요 아꼬.
children	손을 들어 주세요.	Itaas ang kamay.	Raise your hand.	이따아스 앙 까마이.
children	함께 노래해요.	Sabay-sabay tayong umawit.	Let us sing together.	사바이 사바이 따용 우마윗.
children	함께 기도해요.	Manalangin tayo.	Let us pray together.	마날랑인 따요.
children	잘했어요!	Magaling!	Well done!	마갈링!
children	천천히 해도 괜찮아요.	Ayos lang kahit dahan-dahan.	It is okay to take your time.	아요스 랑 까힛 다한 다한.
children	차례를 기다려 주세요.	Hintayin ang inyong pagkakataon.	Please wait for your turn.	힌따인 앙 인용 빠그까까따온.
children	밀지 마세요.	Huwag magtulakan.	Please do not push each other.	후와그 마그뚤라깐.
children	한 명씩 해요.	Isa-isa lang.	One at a time, please.	이사 이사 랑.
meal	식사할 시간입니다.	Oras na po para kumain.	It is time to eat.	오라스 나 뽀 빠라 꾸마인.
meal	먼저 손을 씻어 주세요.	Maghugas muna ng kamay.	Please wash your hands first.	마그후가스 무나 낭 까마이.
meal	여기에 줄을 서 주세요.	Pumila po rito.	Please line up here.	뿌밀라 뽀 리또.
meal	접시를 받아 주세요.	Kumuha po kayo ng plato.	Please take a plate.	꾸무하 뽀 까요 낭 쁠라또.
meal	음식이 뜨거우니 조심하세요.	Mainit po ang pagkain. Mag-ingat po.	The food is hot. Please be careful.	마이닛 뽀 앙 빠그까인. 마그잉앗 뽀.
meal	더 드릴까요?	Gusto po ninyo ng dagdag?	Would you like some more?	구스또 뽀 닌요 낭 다그다그?
meal	물 드시겠어요?	Gusto po ninyo ng tubig?	Would you like some water?	구스또 뽀 닌요 낭 뚜빅?
meal	음식 알레르기가 있으세요?	May allergy po ba kayo sa anumang pagkain?	Do you have any food allergies?	마이 알러지 뽀 바 까요 싸 아누망 빠그까인?
meal	맛있게 드세요.	Sana po ay masiyahan kayo sa pagkain.	Enjoy your meal.	사나 뽀 아이 마시야한 까요 싸 빠그까인.
meal	함께 식사해 주셔서 감사합니다.	Salamat po sa pagsalo sa amin.	Thank you for sharing this meal with us.	살라맛 뽀 싸 빠그살로 싸 아민.
visit	저희를 맞아 주셔서 감사합니다.	Salamat po sa pagtanggap sa amin.	Thank you for welcoming us.	살라맛 뽀 싸 빠그땅갑 싸 아민.
visit	들어가도 될까요?	Maaari po ba kaming pumasok?	May we come in?	마아아리 뽀 바 까밍 뿌마속?
visit	가족은 모두 잘 지내시나요?	Kumusta po ang inyong pamilya?	How is your family?	꾸무스따 뽀 앙 인용 빠밀리아?
visit	함께 기도해도 될까요?	Maaari po ba tayong manalangin?	May we pray together?	마아아리 뽀 바 따용 마날랑인?
visit	어떤 기도 제목이 있으세요?	Ano po ang nais ninyong ipanalangin?	What would you like us to pray for?	아노 뽀 앙 나이스 닌용 이빠날랑인?
visit	말씀해 주셔서 감사합니다.	Salamat po sa pagbabahagi.	Thank you for sharing with us.	살라맛 뽀 싸 빠그바바하기.
visit	저희가 듣고 있습니다.	Nakikinig po kami.	We are listening.	나끼끼니그 뽀 까미.
visit	괜찮으시면 말씀을 나누고 싶습니다.	Kung maaari po, nais naming magbahagi ng Salita ng Diyos.	If you are willing, we would like to share God's Word.	꿍 마아아리 뽀, 나이스 나밍 마그바하기 낭 살리따 낭 디요스.
visit	하나님의 평안이 함께하시길 바랍니다.	Sumainyo po ang kapayapaan ng Diyos.	May God's peace be with you.	수마인요 뽀 앙 까빠야빠안 낭 디요스.
visit	이제 가 보겠습니다. 감사합니다.	Aalis na po kami. Salamat po.	We will go now. Thank you.	아알리스 나 뽀 까미. 살라맛 뽀.
emergency	도와주세요!	Tulong po!	Please help!	뚤롱 뽀!
emergency	어디가 아프세요?	Saan po masakit?	Where does it hurt?	싸안 뽀 마사낏?
emergency	병원에 가시겠어요?	Gusto po ba ninyong pumunta sa ospital?	Would you like to go to a hospital?	구스또 뽀 바 닌용 뿌문따 싸 오스삐딸?
emergency	구급차를 불러 주세요.	Pakatawag po ng ambulansiya.	Please call an ambulance.	빠까따와그 뽀 낭 암불란시아.
emergency	통역할 분을 불러 주세요.	Pakatawag po ng tagapagsalin.	Please call someone who can interpret.	빠까따와그 뽀 낭 따가빠그살린.
